stage,name,status,seconds,class_name
dimension,phonetics-expressive-lengthening,ok,0.002675224095582962,PatternDimension
dimension,phonetics,ok,0.002955269068479538,CompositeDimension
dimension,morphosyntax-gender-words-feminine,ok,0.0003887377679347992,POSTaggingTag
dimension,morphosyntax-gender-words-masculine,ok,0.0003136284649372101,POSTaggingTag
dimension,morphosyntax-gender-words-neutral,ok,0.00030256807804107666,POSTaggingTag
dimension,morphosyntax-gender-words-common,ok,0.0003024972975254059,POSTaggingTag
dimension,morphosyntax-gender,ok,0.002017807215452194,
dimension,morphosyntax-number-singular,ok,0.00035980716347694397,POSTaggingTag
dimension,morphosyntax-number-plural,ok,0.00031904131174087524,POSTaggingTag
dimension,morphosyntax-number,ok,0.0011699795722961426,
dimension,morphosyntax-affixes-suffixes-nominals,ok,0.011353649199008942,WordPerDictionary
dimension,morphosyntax-affixes-suffixes-adjectivizers,ok,0.003108583390712738,WordPerDictionary
dimension,morphosyntax-affixes-suffixes-verbalizers,ok,0.0015342719852924347,WordPerDictionary
dimension,morphosyntax-affixes-suffixes-adverbializers,ok,0.0008509531617164612,WordPerDictionary
dimension,morphosyntax-affixes-suffixes-augmentative,ok,0.0017724968492984772,WordPerDictionary
dimension,morphosyntax-affixes-suffixes-diminutives,ok,0.00239422544836998,WordPerDictionary
dimension,morphosyntax-affixes-suffixes-despective,ok,0.0027683712542057037,WordPerDictionary
dimension,morphosyntax-affixes-suffixes,ok,0.02542763203382492,CompositeDimension
dimension,morphosyntax-affixes-prefixes,ok,0.006612561643123627,WordPerDictionary
dimension,morphosyntax-affixes,ok,0.032578833401203156,
dimension,morphosyntax-morphology-nouns-common,ok,0.00032494962215423584,POSTaggingTag
dimension,morphosyntax-morphology-nouns-proper,ok,0.0003107339143753052,POSTaggingTag
dimension,morphosyntax-morphology-nouns-male,ok,0.10760851204395294,WordPerDictionary
dimension,morphosyntax-morphology-nouns-female,ok,0.11208129674196243,WordPerDictionary
dimension,morphosyntax-morphology-nouns-dates-ymd,ok,0.0011726990342140198,PatternDimension
dimension,morphosyntax-morphology-nouns-dates-dmt,ok,0.0011334531009197235,PatternDimension
dimension,morphosyntax-morphology-nouns-dates-mdy,ok,0.0010711513459682465,PatternDimension
dimension,morphosyntax-morphology-nouns-dates-textual-short,ok,0.00099177286028862,PatternDimension
dimension,morphosyntax-morphology-nouns-dates-textual-long,ok,0.001344040036201477,PatternDimension
dimension,morphosyntax-morphology-nouns-dates-textual-days,ok,0.0008348524570465088,PatternDimension
dimension,morphosyntax-morphology-nouns-dates,ok,0.0071235597133636475,CompositeDimension
dimension,morphosyntax-morphology-nouns-numerals,ok,0.0003297552466392517,POSTaggingTag
dimension,morphosyntax-morphology-nouns,ok,0.22874385491013527,CompositeDimension
dimension,morphosyntax-morphology-nouns-topics-capitals,ok,0.023303784430027008,WordPerDictionary
dimension,morphosyntax-morphology-nouns-topics-countries,ok,0.026036512106657028,WordPerDictionary
dimension,morphosyntax-morphology-nouns-topics-demonyms,ok,0.062049854546785355,WordPerDictionary
dimension,morphosyntax-morphology-nouns-topics-languages,ok,0.021879926323890686,WordPerDictionary
dimension,morphosyntax-morphology-nouns-topics-honorifics,ok,0.002124898135662079,WordPerDictionary
dimension,morphosyntax-morphology-nouns-topics-colors,ok,0.005969405174255371,WordPerDictionary
dimension,morphosyntax-morphology-nouns-topics,ok,0.14224344491958618,
dimension,morphosyntax-morphology-adjectives-qualifying,ok,0.16456887125968933,WordPerDictionary
dimension,morphosyntax-morphology-adjectives-ordinals,ok,0.0006692744791507721,WordPerDictionary
dimension,morphosyntax-morphology-adjectives-superlative,ok,0.0031527094542980194,WordPerDictionary
dimension,morphosyntax-morphology-adjectives-despective,ok,0.009841028600931168,WordPerDictionary
dimension,morphosyntax-morphology-adjectives,ok,0.17905279248952866,CompositeDimension
dimension,morphosyntax-morphology-adverbs-time,ok,0.00033736974000930786,POSTaggingTag
dimension,morphosyntax-morphology-adverbs-mode,ok,0.0003211610019207001,POSTaggingTag
dimension,morphosyntax-morphology-adverbs-place,ok,0.00030082836747169495,POSTaggingTag
dimension,morphosyntax-morphology-adverbs-interrogative,ok,0.002039950340986252,WordPerDictionary
dimension,morphosyntax-morphology-adverbs-cause,ok,0.00032809004187583923,POSTaggingTag
dimension,morphosyntax-morphology-adverbs-doubt-or-desire,ok,0.0018642842769622803,WordPerDictionary
dimension,morphosyntax-morphology-adverbs-negation,ok,0.002464987337589264,WordPerDictionary
dimension,morphosyntax-morphology-adverbs-affirmation,ok,0.00253494456410408,WordPerDictionary
dimension,morphosyntax-morphology-adverbs-quantity,ok,0.00032412633299827576,POSTaggingTag
dimension,morphosyntax-morphology-adverbs-others,ok,0.0024899952113628387,WordPerDictionary
dimension,morphosyntax-morphology-adverbs,ok,0.014077305793762207,CompositeDimension
dimension,morphosyntax-morphology-determiners-articles,ok,0.0003322884440422058,POSTaggingTag
dimension,morphosyntax-morphology-determiners-demostrative,ok,0.0003177747130393982,POSTaggingTag
dimension,morphosyntax-morphology-determiners-emphatic,ok,0.0003084354102611542,POSTaggingTag
dimension,morphosyntax-morphology-determiners-possessive,ok,0.000298570841550827,POSTaggingTag
dimension,morphosyntax-morphology-determiners-indefinite,ok,0.0002953149378299713,POSTaggingTag
dimension,morphosyntax-morphology-determiners-exclamatory,ok,0.0002936050295829773,POSTaggingTag
dimension,morphosyntax-morphology-determiners-interrogative,ok,0.0002887211740016937,POSTaggingTag
dimension,morphosyntax-morphology-determiners-negative,ok,0.00029682740569114685,POSTaggingTag
dimension,morphosyntax-morphology-determiners-reciprocal,ok,0.0002913177013397217,POSTaggingTag
dimension,morphosyntax-morphology-determiners-relative,ok,0.0002886652946472168,POSTaggingTag
dimension,morphosyntax-morphology-determiners-total,ok,0.0002976953983306885,POSTaggingTag
dimension,morphosyntax-morphology-determiners,ok,0.00412379577755928,CompositeDimension
dimension,morphosyntax-morphology-pronouns-personal-number-singular,ok,0.00031298771500587463,POSTaggingTag
dimension,morphosyntax-morphology-pronouns-personal-number-plural,ok,0.00029923394322395325,POSTaggingTag
dimension,morphosyntax-morphology-pronouns-personal-number,ok,0.0009063109755516052,CompositeDimension
dimension,morphosyntax-morphology-pronouns-personal-person-first,ok,0.0003272220492362976,POSTaggingTag
dimension,morphosyntax-morphology-pronouns-personal-person-second,ok,0.00031046196818351746,POSTaggingTag
dimension,morphosyntax-morphology-pronouns-personal-person-third,ok,0.0002976246178150177,POSTaggingTag
dimension,morphosyntax-morphology-pronouns-personal-person,ok,0.0013015158474445343,CompositeDimension
dimension,morphosyntax-morphology-pronouns-personal-gender-male,ok,0.0013086125254631042,WordPerDictionary
dimension,morphosyntax-morphology-pronouns-personal-gender-female,ok,0.0010671019554138184,WordPerDictionary
dimension,morphosyntax-morphology-pronouns-personal-gender-neutral,ok,0.0020764805376529694,WordPerDictionary
dimension,morphosyntax-morphology-pronouns-personal-gender,ok,0.004844512790441513,CompositeDimension
dimension,morphosyntax-morphology-pronouns-personal-enclitics,ok,2.51084566116333e-06,EncliticsPersonalPronounsDictionary
dimension,morphosyntax-morphology-pronouns-personal,ok,0.007510669529438019,CompositeDimension
dimension,morphosyntax-morphology-pronouns-impersonal,ok,0.004176784306764603,WordPerDictionary
dimension,morphosyntax-morphology-pronouns-indefinite,ok,0.00031967461109161377,POSTaggingTag
dimension,morphosyntax-morphology-pronouns-relative,ok,0.0003113262355327606,POSTaggingTag
dimension,morphosyntax-morphology-pronouns-interrogative,ok,0.0003068968653678894,POSTaggingTag
dimension,morphosyntax-morphology-pronouns-reciprocal,ok,0.00030243024230003357,POSTaggingTag
dimension,morphosyntax-morphology-pronouns-demonstrative,ok,0.0003073662519454956,POSTaggingTag
dimension,morphosyntax-morphology-pronouns-total,ok,0.0002992302179336548,POSTaggingTag
dimension,morphosyntax-morphology-pronouns-negative,ok,0.00029010698199272156,POSTaggingTag
dimension,morphosyntax-morphology-pronouns,ok,0.014594491571187973,CompositeDimension
dimension,morphosyntax-morphology-prepositions-individual,ok,0.005002871155738831,WordPerDictionary
dimension,morphosyntax-morphology-prepositions-locutions,ok,0.009117905050516129,WordPerDictionary
dimension,morphosyntax-morphology-prepositions,ok,0.014458976686000824,CompositeDimension
dimension,morphosyntax-morphology-conjunctions-coordinating,ok,0.0003261081874370575,POSTaggingTag
dimension,morphosyntax-morphology-conjunctions-subordinating,ok,0.0003056153655052185,POSTaggingTag
dimension,morphosyntax-morphology-conjunctions,ok,0.0009289570152759552,CompositeDimension
dimension,morphosyntax-morphology-interjections,ok,0.0003375299274921417,POSTaggingTag
dimension,morphosyntax-morphology-verbs-periphrasis-temporal-aspect-temporal-immediate-posteriority,ok,2.216547727584839e-06,PeriphrasisDimension
dimension,morphosyntax-morphology-verbs-periphrasis-temporal-aspect-temporal-recent-posteriority,ok,9.94652509689331e-07,PeriphrasisDimension
dimension,morphosyntax-morphology-verbs-periphrasis-temporal-aspect-temporal,ok,0.00032841041684150696,CompositeDimension
dimension,morphosyntax-morphology-verbs-periphrasis-temporal-aspect-temporal-habit,ok,1.989305019378662e-06,PeriphrasisDimension
dimension,morphosyntax-morphology-verbs-periphrasis-temporal-aspect-temporal-inminent,ok,1.0244548320770264e-06,PeriphrasisDimension
dimension,morphosyntax-morphology-verbs-periphrasis-temporal-aspect-temporal-initial,ok,8.381903171539307e-07,PeriphrasisDimension
dimension,morphosyntax-morphology-verbs-periphrasis-temporal-aspect-temporal-current,ok,9.238719940185547e-07,PeriphrasisDimension
dimension,morphosyntax-morphology-verbs-periphrasis-temporal-aspect-temporal-ending,ok,9.462237358093262e-07,PeriphrasisDimension
dimension,morphosyntax-morphology-verbs-periphrasis-temporal-aspect-temporal-transitional,ok,8.270144462585449e-07,PeriphrasisDimension
dimension,morphosyntax-morphology-verbs-periphrasis-temporal-aspect-temporal-scalar,ok,8.381903171539307e-07,PeriphrasisDimension
dimension,morphosyntax-morphology-verbs-periphrasis-temporal-aspect-phase,ok,0.0006363168358802795,CompositeDimension
dimension,morphosyntax-morphology-verbs-periphrasis-temporal-aspect,ok,0.0012810193002223969,CompositeDimension
dimension,morphosyntax-morphology-verbs-periphrasis-modals-obligation,ok,2.1010637283325195e-06,PeriphrasisDimension
dimension,morphosyntax-morphology-verbs-periphrasis-modals-hability,ok,9.57399606704712e-07,PeriphrasisDimension
dimension,morphosyntax-morphology-verbs-periphrasis-modals-probability,ok,1.1064112186431885e-06,PeriphrasisDimension
dimension,morphosyntax-morphology-verbs-periphrasis-modals-certainty,ok,9.126961231231689e-07,PeriphrasisDimension
dimension,morphosyntax-morphology-verbs-periphrasis-modals-approach,ok,8.642673492431641e-07,PeriphrasisDimension
dimension,morphosyntax-morphology-verbs-periphrasis-modals,ok,0.0004925243556499481,CompositeDimension
dimension,morphosyntax-morphology-verbs-periphrasis,ok,0.0020691826939582825,CompositeDimension
dimension,morphosyntax-morphology-verbs-number-singular-first,ok,0.05000889673829079,WordPerDictionary
dimension,morphosyntax-morphology-verbs-number-singular-second,ok,0.04774388298392296,WordPerDictionary
dimension,morphosyntax-morphology-verbs-number-singular-third,ok,0.048122894018888474,WordPerDictionary
dimension,morphosyntax-morphology-verbs-number-singular,ok,0.17045176401734352,CompositeDimension
dimension,morphosyntax-morphology-verbs-number-plural-first,ok,0.049416281282901764,WordPerDictionary
dimension,morphosyntax-morphology-verbs-number-plural-second,ok,0.049167338758707047,WordPerDictionary
dimension,morphosyntax-morphology-verbs-number-plural-third,ok,0.04520188271999359,WordPerDictionary
dimension,morphosyntax-morphology-verbs-number-plural,ok,0.1682378388941288,CompositeDimension
dimension,morphosyntax-morphology-verbs-number,ok,0.3390420228242874,CompositeDimension
dimension,morphosyntax-morphology-verbs-transitive,ok,0.016172684729099274,WordPerDictionary
dimension,morphosyntax-morphology-verbs-intransitive,ok,0.007345534861087799,WordPerDictionary
dimension,morphosyntax-morphology-verbs-transitivity,ok,0.024122033268213272,
dimension,morphosyntax-morphology-verbs-inflection-regular,ok,0.11554789170622826,WordPerDictionary
dimension,morphosyntax-morphology-verbs-inflection-irregular,ok,0.018857192248106003,WordPerDictionary
dimension,morphosyntax-morphology-verbs-inflection,ok,0.13513868302106857,
dimension,morphosyntax-morphology-verbs-function-main,ok,0.0003316029906272888,POSTaggingTag
dimension,morphosyntax-morphology-verbs-function-copulative,ok,0.005838371813297272,WordPerDictionary
dimension,morphosyntax-morphology-verbs-function-auxiliary,ok,0.0003321841359138489,POSTaggingTag
dimension,morphosyntax-morphology-verbs-function,ok,0.0072252340614795685,
dimension,morphosyntax-morphology-verbs-nonfinite-infinitive,ok,2.216547727584839e-06,VerbPerDictionary
dimension,morphosyntax-morphology-verbs-nonfinite-gerund,ok,1.0579824447631836e-06,VerbPerDictionary
dimension,morphosyntax-morphology-verbs-nonfinite-participle,ok,8.307397365570068e-07,VerbPerDictionary
dimension,morphosyntax-morphology-verbs-nonfinite,ok,0.0006052814424037933,
dimension,morphosyntax-morphology-verbs-tense-past,ok,0.000324934720993042,POSTaggingTag
dimension,morphosyntax-morphology-verbs-tense-present,ok,0.00031622499227523804,POSTaggingTag
dimension,morphosyntax-morphology-verbs-tense-future,ok,0.00030843913555145264,POSTaggingTag
dimension,morphosyntax-morphology-verbs-tense,ok,0.001499272882938385,
dimension,morphosyntax-morphology-verbs-mode-indicative,ok,2.205371856689453e-06,VerbPerDictionary
dimension,morphosyntax-morphology-verbs-mode-subjunctive,ok,9.57399606704712e-07,VerbPerDictionary
dimension,morphosyntax-morphology-verbs-imperative,ok,9.797513484954834e-07,VerbPerDictionary
dimension,morphosyntax-morphology-verbs-conditional,ok,9.797513484954834e-07,VerbPerDictionary
dimension,morphosyntax-morphology-verbs-mode,ok,0.0007626973092556,
dimension,morphosyntax-morphology-verbs-indicative-simple-present,ok,2.2649765014648438e-06,VerbPerDictionary
dimension,morphosyntax-morphology-verbs-indicative-simple-past,ok,1.0132789611816406e-06,VerbPerDictionary
dimension,morphosyntax-morphology-verbs-indicative-simple-future,ok,8.717179298400879e-07,VerbPerDictionary
dimension,morphosyntax-morphology-verbs-indicative-simple-conditional,ok,9.313225746154785e-07,VerbPerDictionary
dimension,morphosyntax-morphology-verbs-indicative-simple-imperative,ok,9.5367431640625e-07,VerbPerDictionary
dimension,morphosyntax-morphology-verbs-indicative-simple,ok,0.0005284622311592102,CompositeDimension
dimension,morphosyntax-morphology-verbs-subjunctive-simple-present,ok,2.1532177925109863e-06,VerbPerDictionary
dimension,morphosyntax-morphology-verbs-subjunctive-simple-past,ok,9.424984455108643e-07,VerbPerDictionary
dimension,morphosyntax-morphology-verbs-subjunctive-simple-future,ok,1.0319054126739502e-06,VerbPerDictionary
dimension,morphosyntax-morphology-verbs-subjunctive-simple-past-other,ok,9.015202522277832e-07,VerbPerDictionary
dimension,morphosyntax-morphology-verbs-subjunctive-simple,ok,0.0004355907440185547,CompositeDimension
dimension,morphosyntax-morphology-verbs-indicative-compound-present-perfect,ok,1.952052116394043e-06,VerbPerDictionary
dimension,morphosyntax-morphology-verbs-indicative-compound-pluperfect,ok,1.0356307029724121e-06,VerbPerDictionary
dimension,morphosyntax-morphology-verbs-indicative-compound-past-perfect-tense,ok,8.903443813323975e-07,VerbPerDictionary
dimension,morphosyntax-morphology-verbs-indicative-compound-future-perfect,ok,8.307397365570068e-07,VerbPerDictionary
dimension,morphosyntax-morphology-verbs-indicative-compound-conditional-perfect,ok,9.201467037200928e-07,VerbPerDictionary
dimension,morphosyntax-morphology-verbs-indicative-compound-past-perfect,ok,8.717179298400879e-07,VerbPerDictionary
dimension,morphosyntax-morphology-verbs-indicative-compound,ok,0.000570196658372879,CompositeDimension
dimension,morphosyntax-morphology-verbs-subjunctive-compound-pluperfect,ok,2.0042061805725098e-06,VerbPerDictionary
dimension,morphosyntax-morphology-verbs-subjunctive-compound-future-perfect,ok,9.57399606704712e-07,VerbPerDictionary
dimension,morphosyntax-morphology-verbs-subjunctive-compound-plusperfect-2,ok,9.126961231231689e-07,VerbPerDictionary
dimension,morphosyntax-morphology-verbs-subjunctive-compound-past-perfect,ok,2.816319465637207e-06,VerbPerDictionary
dimension,morphosyntax-morphology-verbs-subjunctive-compound,ok,0.00044756755232810974,CompositeDimension
dimension,morphosyntax-morphology-verbs,ok,0.5136948488652706,
dimension,morphosyntax-morphology,ok,1.1134798377752304,
dimension,morphosyntax,ok,1.14983668923378,
dimension,errors-orthographics-sentences-starting-in-lowercase,ok,2.7455389499664307e-06,ErrorCapitalizationStartingWithLowerCaseDimension
dimension,errors-orthographics-misspelled-words,ok,1.2218952178955078e-06,ErrorMispellingDimension
dimension,errors-orthographics-misspelled-accents-words,ok,9.760260581970215e-07,ErrorMispellingAccentsDimension
dimension,errors-orthographics,ok,0.0004119984805583954,CompositeDimension
dimension,errors-sentences-starting-with-numbers,ok,2.037733793258667e-06,ErrorStyleSentencesStartingWithNumbers
dimension,errors-sentences-starting-with-the-same-word,ok,1.1548399925231934e-06,ErrorStyleSentencesStartingWithTheSameWord
dimension,errors-stylistics,ok,0.0003169029951095581,CompositeDimension
dimension,errors-performance-duplicated-words,ok,1.9744038581848145e-06,ErrorMiscTwoOrMoreEqualWordsDimension
dimension,errors-performance-dot-after-exclamation-or-interrogation,ok,0.0003993399441242218,PatternDimension
dimension,errors-performance-two-or-more-consecutive-commas,ok,0.0002339668571949005,PatternDimension
dimension,errors-performance-two-or-more-consecutive-periods,ok,0.00022573396563529968,PatternDimension
dimension,errors-performance-common-errors,ok,0.005150418728590012,WordPerDictionary
dimension,errors-performance-redundant-expressions,ok,0.011772394180297852,WordPerDictionary
dimension,errors-performance,ok,0.018375180661678314,CompositeDimension
dimension,errors,ok,0.01970602199435234,
dimension,semantics-onomatopoeia,ok,0.011411238461732864,WordPerDictionary
dimension,semantics-euphemisms,ok,0.01761702075600624,WordPerDictionary
dimension,semantics-dysfemisms,ok,0.00264817476272583,WordPerDictionary
dimension,semantics-synecdocs,ok,0.0014867372810840607,WordPerDictionary
dimension,semantics,ok,0.03380288928747177,
dimension,pragmatics-figurative-language-hyperboles,ok,0.009066730737686157,WordPerDictionary
dimension,pragmatics-figurative-language-idiomatics-expressions,ok,0.026582084596157074,WordPerDictionary
dimension,pragmatics-figurative-language-rhetorical-questions,ok,0.0050092339515686035,WordPerDictionary
dimension,pragmatics-figurative-language-verbal-irony,ok,0.011643290519714355,WordPerDictionary
dimension,pragmatics-figurative-language-understatements,ok,0.002834104001522064,WordPerDictionary
dimension,pragmatics-figurative-language-metaphors,ok,0.009161479771137238,WordPerDictionary
dimension,pragmatics-figurative-language-similes,ok,0.0017771758139133453,WordPerDictionary
dimension,pragmatics-figurative-language,ok,0.06695054844021797,
dimension,pragmatics-discourse-markers-structuring-commenters,ok,0.0009785294532775879,WordPerDictionary
dimension,pragmatics-discourse-markers-structuring-order,ok,0.005452286452054977,WordPerDictionary
dimension,pragmatics-discourse-markers-structuring,ok,0.006753705441951752,CompositeDimension
dimension,pragmatics-discourse-markers-connectors-additive,ok,0.002002473920583725,WordPerDictionary
dimension,pragmatics-discourse-markers-connectors-consecutive,ok,0.00166219100356102,WordPerDictionary
dimension,pragmatics-discourse-markers-connectors-counter-augmentative,ok,0.0016653649508953094,WordPerDictionary
dimension,pragmatics-discourse-markers-connectors,ok,0.005715522915124893,CompositeDimension
dimension,pragmatics-discourse-markers-reformers-explanatory,ok,0.0017490945756435394,WordPerDictionary
dimension,pragmatics-discourse-markers-reformers-corrective,ok,0.00084676593542099,WordPerDictionary
dimension,pragmatics-discourse-markers-reformers-distance,ok,0.001124110072851181,WordPerDictionary
dimension,pragmatics-discourse-markers-reformers-recapitulative,ok,0.0020654313266277313,WordPerDictionary
dimension,pragmatics-discourse-markers-reformers,ok,0.006340183317661285,CompositeDimension
dimension,pragmatics-discourse-markers-argumentative-reinforcement,ok,0.00061812624335289,WordPerDictionary
dimension,pragmatics-discourse-markers-argumentative-concretion,ok,0.0009914115071296692,WordPerDictionary
dimension,pragmatics-discourse-markers-argumentative,ok,0.0019229911267757416,CompositeDimension
dimension,pragmatics-discourse-markers-conversational-bookmarks,ok,0.004445604979991913,WordPerDictionary
dimension,pragmatics-discourse-markers,ok,0.026016656309366226,
dimension,pragmatics-courtesy-forms-greetings,ok,0.0045355744659900665,WordPerDictionary
dimension,pragmatics-courtesy-forms-farewell,ok,0.0014566630125045776,WordPerDictionary
dimension,pragmatics-courtesy-forms-requirements,ok,0.001620359718799591,WordPerDictionary
dimension,pragmatics-courtesy-forms-general,ok,0.0019856132566928864,WordPerDictionary
dimension,pragmatics-courtesy-forms-condolences,ok,0.0015925243496894836,WordPerDictionary
dimension,pragmatics-courtesy-forms,ok,0.01168934628367424,CompositeDimension
dimension,pragmatics,ok,0.10530528426170349,
dimension,stylometry-corpus-length,ok,0.00023714080452919006,LengthDimension
dimension,stylometry-corpus-TTR,ok,2.5853514671325684e-06,RTIEDimension
dimension,stylometry-corpus-TTR-standard,ok,1.0728836059570312e-06,RTIEDimension
dimension,stylometry-corpus-TTR-deviation,ok,1.0654330253601074e-06,RTIEDeviationDimension
dimension,stylometry-corpus-words-count,ok,0.0001793205738067627,WordCountDimension
dimension,stylometry-corpus-syllabes-count,ok,0.0003816336393356323,SyllableCountDimension
dimension,stylometry-corpus-syllabes-per-word,ok,3.121793270111084e-06,SyllablePerWordDimension
dimension,stylometry-corpus-words-per-sentence,ok,1.166015863418579e-06,WordPerSentenceDimension
dimension,stylometry-corpus-uppercase,ok,9.797513484954834e-07,WordCase
dimension,stylometry-corpus-titlecase,ok,8.977949619293213e-07,WordCase
dimension,stylometry-corpus-readability,ok,9.611248970031738e-07,ReadbilityDimension
dimension,stylometry-corpus-inflesz,ok,9.126961231231689e-07,PerspicuityDimension
dimension,stylometry-corpus-writing-style,ok,0.0005562230944633484,
dimension,stylometry-corpus-expressions-quoted,ok,0.00038717687129974365,PatternDimension
dimension,stylometry-corpus-expressions-within-parenthesis,ok,0.0003041960299015045,PatternDimension
dimension,stylometry-corpus-expressions-within-asterisks,ok,0.00029414892196655273,PatternDimension
dimension,stylometry-corpus-words-length-avg,ok,2.298504114151001e-06,WordAverageLengthDimension
dimension,stylometry-corpus-words-longer-6tr,ok,1.173466444015503e-06,WordLengthDimension
dimension,stylometry-corpus-words-with-1ltr,ok,9.424984455108643e-07,WordLengthDimension
dimension,stylometry-corpus-words-with-2ltr,ok,9.164214134216309e-07,WordLengthDimension
dimension,stylometry-corpus-words-with-3ltr,ok,8.381903171539307e-07,WordLengthDimension
dimension,stylometry-corpus-words-with-4ltr,ok,8.866190910339355e-07,WordLengthDimension
dimension,stylometry-corpus-words-with-5ltr,ok,8.605420589447021e-07,WordLengthDimension
dimension,stylometry-corpus-words-with-6ltr,ok,1.0207295417785645e-06,WordLengthDimension
dimension,stylometry-corpus-words-with-7ltr,ok,8.344650268554688e-07,WordLengthDimension
dimension,stylometry-corpus-words-with-8ltr,ok,8.605420589447021e-07,WordLengthDimension
dimension,stylometry-corpus-words-with-9ltr,ok,9.126961231231689e-07,WordLengthDimension
dimension,stylometry-corpus-words-with-10ltr,ok,8.940696716308594e-07,WordLengthDimension
dimension,stylometry-corpus-words-with-11ltr,ok,9.350478649139404e-07,WordLengthDimension
dimension,stylometry-corpus-words-with-12ltr,ok,9.052455425262451e-07,WordLengthDimension
dimension,stylometry-corpus-words-with-13ltr,ok,8.754432201385498e-07,WordLengthDimension
dimension,stylometry-corpus-words-with-14ltr,ok,8.866190910339355e-07,WordLengthDimension
dimension,stylometry-corpus-words-with-15ltr,ok,9.238719940185547e-07,WordLengthDimension
dimension,stylometry-corpus-words-with-16ltr,ok,9.57399606704712e-07,WordLengthDimension
dimension,stylometry-corpus-words-with-17ltr,ok,9.313225746154785e-07,WordLengthDimension
dimension,stylometry-corpus-words-with-18ltr,ok,8.344650268554688e-07,WordLengthDimension
dimension,stylometry-corpus-words-with-19ltr,ok,8.67992639541626e-07,WordLengthDimension
dimension,stylometry-corpus-words-with-20ltr,ok,8.642673492431641e-07,WordLengthDimension
dimension,stylometry-corpus-words-with-21ltr,ok,8.530914783477783e-07,WordLengthDimension
dimension,stylometry-corpus-words-with-22ltr,ok,8.754432201385498e-07,WordLengthDimension
dimension,stylometry-corpus-words-with-23ltr,ok,8.940696716308594e-07,WordLengthDimension
dimension,stylometry-corpus-words-with-24ltr,ok,8.605420589447021e-07,WordLengthDimension
dimension,stylometry-corpus-words-with-25ltr,ok,8.307397365570068e-07,WordLengthDimension
dimension,stylometry-corpus,ok,0.005778919905424118,
dimension,stylometry-sentences-count,ok,0.0006321556866168976,SentenceCountDimension
dimension,stylometry-sentences-exclamative-percentage,ok,0.000813458114862442,PatternDimension
dimension,stylometry-sentences-exclamative-percentage-emphasis,ok,0.0008174479007720947,PatternDimension
dimension,stylometry-sentences-interrogative-percentage,ok,0.000792335718870163,PatternDimension
dimension,stylometry-sentences-interrogative-percentage-emphasis,ok,0.0007782727479934692,PatternDimension
dimension,stylometry-sentences-quotes-percentage,ok,0.0008517764508724213,PatternDimension
dimension,stylometry-sentences-pasive-percentage,ok,2.8386712074279785e-06,SentencePerDictionary
dimension,stylometry-sentences-conversations,ok,0.0007342733442783356,PatternDimension
dimension,stylometry-sentences,ok,0.006428208202123642,
dimension,stylometry-punctuation-symbols-prime,ok,2.305954694747925e-06,CharacterCountDimension
dimension,stylometry-punctuation-symbols-currencies,ok,9.387731552124023e-07,CharacterCountDimension
dimension,stylometry-punctuation-symbols-apostrophe,ok,9.723007678985596e-07,CharacterCountDimension
dimension,stylometry-punctuation-symbols-brackets-open,ok,8.270144462585449e-07,CharacterCountDimension
dimension,stylometry-punctuation-symbols-curly-brackets-close,ok,8.642673492431641e-07,CharacterCountDimension
dimension,stylometry-punctuation-symbols-quotation-open,ok,8.828938007354736e-07,CharacterCountDimension
dimension,stylometry-punctuation-symbols-quotation-close,ok,8.866190910339355e-07,CharacterCountDimension
dimension,stylometry-punctuation-symbols-colons,ok,9.499490261077881e-07,CharacterCountDimension
dimension,stylometry-punctuation-symbols-semicolons,ok,8.754432201385498e-07,CharacterCountDimension
dimension,stylometry-punctuation-symbols-dashes,ok,8.754432201385498e-07,CharacterCountDimension
dimension,stylometry-punctuation-symbols-low-dashes,ok,8.456408977508545e-07,CharacterCountDimension
dimension,stylometry-punctuation-symbols-fullstop,ok,8.717179298400879e-07,CharacterCountDimension
dimension,stylometry-punctuation-symbols-commas,ok,8.67992639541626e-07,CharacterCountDimension
dimension,stylometry-punctuation-symbols-open-question,ok,9.909272193908691e-07,CharacterCountDimension
dimension,stylometry-punctuation-symbols-open-exclamation,ok,9.909272193908691e-07,CharacterCountDimension
dimension,stylometry-punctuation-symbols-space,ok,8.456408977508545e-07,CharacterCountDimension
dimension,stylometry-punctuation-symbols-interdot,ok,8.568167686462402e-07,CharacterCountDimension
dimension,stylometry-punctuation-symbols-percentages,ok,8.344650268554688e-07,CharacterCountDimension
dimension,stylometry-punctuation-symbols-ampersand,ok,9.5367431640625e-07,CharacterCountDimension
dimension,stylometry-punctuation-symbols-at-sign,ok,8.717179298400879e-07,CharacterCountDimension
dimension,stylometry-punctuation-symbols-backslash,ok,8.67992639541626e-07,CharacterCountDimension
dimension,stylometry-punctuation-symbols-pipe,ok,8.568167686462402e-07,CharacterCountDimension
dimension,stylometry-punctuation-symbols-bullet,ok,8.530914783477783e-07,CharacterCountDimension
dimension,stylometry-punctuation-symbols-caret,ok,8.419156074523926e-07,CharacterCountDimension
dimension,stylometry-punctuation-symbols-degree,ok,8.67992639541626e-07,CharacterCountDimension
dimension,stylometry-punctuation-symbols-ditto-mark,ok,8.083879947662354e-07,CharacterCountDimension
dimension,stylometry-punctuation-symbols-hash,ok,8.381903171539307e-07,CharacterCountDimension
dimension,stylometry-punctuation-symbols-numero-sign,ok,0.0008536018431186676,PatternDimension
dimension,stylometry-punctuation-symbols-pilcrow,ok,2.7567148208618164e-06,CharacterCountDimension
dimension,stylometry-punctuation-symbols-trademarks,ok,1.1622905731201172e-06,CharacterCountDimension
dimension,stylometry-punctuation-symbols-mathematical-signs,ok,9.760260581970215e-07,CharacterCountDimension
dimension,stylometry-punctuation-symbols-line-breaks,ok,0.0007223337888717651,PatternDimension
dimension,stylometry-punctuation-symbols,ok,0.004212666302919388,
dimension,stylometry,ok,0.01697107031941414,
dimension,lexical-locations,ok,3.039836883544922e-06,NERTaggingTag
dimension,lexical-organisations,ok,1.210719347000122e-06,NERTaggingTag
dimension,lexical-persons,ok,1.0170042514801025e-06,NERTaggingTag
dimension,lexical-others,ok,9.238719940185547e-07,NERTaggingTag
dimension,lexical-animals,ok,0.03855496272444725,WordPerDictionary
dimension,lexical-weapons,ok,0.010701380670070648,WordPerDictionary
dimension,lexical-food,ok,0.025808747857809067,WordPerDictionary
dimension,lexical-jobs,ok,0.016923926770687103,WordPerDictionary
dimension,lexical-crime,ok,0.005344819277524948,WordPerDictionary
dimension,lexical-personal-money,ok,0.0246889591217041,WordPerDictionary
dimension,lexical-personal-religion,ok,0.0327443890273571,WordPerDictionary
dimension,lexical-personal-work,ok,0.059396419674158096,WordPerDictionary
dimension,lexical-clothes,ok,0.007244247943162918,WordPerDictionary
dimension,lexical-body,ok,0.03145724534988403,WordPerDictionary
dimension,lexical-body-male-genitalia,ok,0.0015500597655773163,WordPerDictionary
dimension,lexical-body-female-genitalia,ok,0.0021309517323970795,WordPerDictionary
dimension,lexical-health,ok,0.025942500680685043,WordPerDictionary
dimension,lexical-ingesting,ok,0.026658158749341965,WordPerDictionary
dimension,lexical-sex,ok,0.019674140959978104,WordPerDictionary
dimension,lexical-death,ok,0.014553461223840714,WordPerDictionary
dimension,lexical-home,ok,0.016034774482250214,WordPerDictionary
dimension,lexical-social-inclusive,ok,0.007054921239614487,WordPerDictionary
dimension,lexical-social-analytic,ok,1.0762945599853992,WordPerDictionary
dimension,lexical-social-affiliation,ok,0.010594204068183899,WordPerDictionary
dimension,lexical-social-achievement,ok,0.014145955443382263,WordPerDictionary
dimension,lexical-social-risk,ok,0.010507520288228989,WordPerDictionary
dimension,lexical-social-social-family,ok,0.007588215172290802,WordPerDictionary
dimension,lexical-social-friendship,ok,0.00517658144235611,WordPerDictionary
dimension,lexical-social-social-female,ok,0.004841256886720657,WordPerDictionary
dimension,lexical-social-social-male,ok,0.004104863852262497,WordPerDictionary
dimension,lexical-social-cognitive-insight,ok,0.04754422605037689,WordPerDictionary
dimension,lexical-social-cognitive-cause,ok,0.02067822590470314,WordPerDictionary
dimension,lexical-social-cognitive-discrepancies,ok,0.010159153491258621,WordPerDictionary
dimension,lexical-social-cognitive-tentativeness,ok,0.01984735205769539,WordPerDictionary
dimension,lexical-social-cognitive-certainty,ok,0.010935969650745392,WordPerDictionary
dimension,lexical-social-cognitive,ok,0.1098036840558052,CompositeDimension
dimension,lexical-social-perceptual-explore,ok,0.0197540782392025,WordPerDictionary
dimension,lexical-social-perceptual-surprise,ok,0.00588197261095047,WordPerDictionary
dimension,lexical-social-perceptual-feel,ok,0.015615209937095642,WordPerDictionary
dimension,lexical-social-perceptual-hear,ok,0.014562256634235382,WordPerDictionary
dimension,lexical-social-perceptual-see,ok,0.02484569326043129,WordPerDictionary
dimension,lexical-social-perceptual-processes,ok,0.08138280361890793,CompositeDimension
dimension,lexical-social-relativity-movement,ok,0.037571150809526443,WordPerDictionary
dimension,lexical-social-relativity-space,ok,0.03739265725016594,WordPerDictionary
dimension,lexical-social-relativity-time,ok,0.03541510924696922,WordPerDictionary
dimension,lexical-social-relativity,ok,0.11085974425077438,
dimension,lexical-social,ok,1.446762952953577,
dimension,lexical,ok,1.8083655685186386,
dimension,psycholinguistic-processes-positive-general,ok,0.15329590439796448,WordPerDictionary
dimension,psycholinguistic-processes-positive-pleasure,ok,0.036581166088581085,WordPerDictionary
dimension,psycholinguistic-processes-positive-emoticons,ok,0.008289657533168793,WordPerDictionary
dimension,psycholinguistic-processes-positive,ok,0.19887731596827507,CompositeDimension
dimension,psycholinguistic-processes-negative-general,ok,0.3047744110226631,WordPerDictionary
dimension,psycholinguistic-processes-negative-anxiety,ok,0.016812670975923538,WordPerDictionary
dimension,psycholinguistic-processes-negative-anger,ok,0.03798803687095642,WordPerDictionary
dimension,psycholinguistic-processes-negative-sad,ok,0.017307773232460022,WordPerDictionary
dimension,psycholinguistic-processes-negative-emoticons,ok,0.00997018814086914,WordPerDictionary
dimension,psycholinguistic-processes-negative,ok,0.3881475031375885,CompositeDimension
dimension,psycholinguistic-processes,ok,0.5873555541038513,CompositeDimension
dimension,register-offensive-speech,ok,0.02084806188941002,WordPerDictionary
dimension,register-offensive-speech-soft,ok,0.013901516795158386,WordPerDictionary
dimension,register-offensive-speech-strong,ok,0.010130569338798523,WordPerDictionary
dimension,register-offensive-speech,ok,0.045279331505298615,
dimension,register-informal-speech-assent,ok,0.003720354288816452,WordPerDictionary
dimension,register-informal-speech-nonfluencies,ok,0.0018652155995368958,WordPerDictionary
dimension,register-informal-speech-swear,ok,0.020269066095352173,WordPerDictionary
dimension,register-informal-speech-colloquialisms,ok,0.07469180226325989,WordPerDictionary
dimension,register-informal-speech-sms,ok,0.0050082728266716,WordPerDictionary
dimension,register-informal-speech,ok,0.10628148540854454,
dimension,register-polite-language-cultisms,ok,0.0036285780370235443,WordPerDictionary
dimension,register-polite-language-latinisms,ok,0.003428153693675995,WordPerDictionary
dimension,register,ok,0.15936874598264694,
dimension,social-media-hashtags,ok,0.0003391169011592865,PatternDimension
dimension,social-media-mentions,ok,0.00033465027809143066,PatternDimension
dimension,social-media-mentions-in-the-middle,ok,0.00034701451659202576,PatternDimension
dimension,social-media-urls,ok,0.0002080090343952179,PatternDimension
dimension,social-media-jargon,ok,0.0011495612561702728,WordPerDictionary
dimension,social-media-emoticons,ok,0.00032061710953712463,POSTaggingTag
dimension,social-media-reply-female,ok,2.4475157260894775e-06,TwitterReplyToDimension
dimension,social-media-reply-male,ok,9.797513484954834e-07,TwitterReplyToDimension
dimension,social-media,ok,0.0036496147513389587,
